,Entity,Code,Year,Number of executions (Amnesty International),Deaths - Meningitis - Sex: Both - Age: All Ages (Number),Deaths - Lower respiratory infections - Sex: Both - Age: All Ages (Number),Deaths - Intestinal infectious diseases - Sex: Both - Age: All Ages (Number),Deaths - Protein-energy malnutrition - Sex: Both - Age: All Ages (Number),Terrorism (deaths),Deaths - Cardiovascular diseases - Sex: Both - Age: All Ages (Number),Deaths - Alzheimer disease and other dementias - Sex: Both - Age: All Ages (Number),Deaths - Chronic kidney disease - Sex: Both - Age: All Ages (Number),Deaths - Chronic respiratory diseases - Sex: Both - Age: All Ages (Number),Deaths - Cirrhosis and other chronic liver diseases - Sex: Both - Age: All Ages (Number),Deaths - Digestive diseases - Sex: Both - Age: All Ages (Number),Deaths - Hepatitis - Sex: Both - Age: All Ages (Number),Deaths - Neoplasms - Sex: Both - Age: All Ages (Number),Deaths - Parkinson disease - Sex: Both - Age: All Ages (Number),"Deaths - Fire, heat, and hot substances - Sex: Both - Age: All Ages (Number)",Deaths - Malaria - Sex: Both - Age: All Ages (Number),Deaths - Drowning - Sex: Both - Age: All Ages (Number),Deaths - Interpersonal violence - Sex: Both - Age: All Ages (Number),Deaths - HIV/AIDS - Sex: Both - Age: All Ages (Number),Deaths - Drug use disorders - Sex: Both - Age: All Ages (Number),Deaths - Tuberculosis - Sex: Both - Age: All Ages (Number),Deaths - Road injuries - Sex: Both - Age: All Ages (Number),Deaths - Maternal disorders - Sex: Both - Age: All Ages (Number),Deaths - Neonatal disorders - Sex: Both - Age: All Ages (Number),Deaths - Alcohol use disorders - Sex: Both - Age: All Ages (Number),Deaths - Exposure to forces of nature - Sex: Both - Age: All Ages (Number),Deaths - Diarrheal diseases - Sex: Both - Age: All Ages (Number),Deaths - Environmental heat and cold exposure - Sex: Both - Age: All Ages (Number),Deaths - Nutritional deficiencies - Sex: Both - Age: All Ages (Number),Deaths - Self-harm - Sex: Both - Age: All Ages (Number),Deaths - Conflict and terrorism - Sex: Both - Age: All Ages (Number),Deaths - Diabetes mellitus - Sex: Both - Age: All Ages (Number),Deaths - Poisonings - Sex: Both - Age: All Ages (Number)
5644,Sub-Saharan Africa,,1990,,192399.89408095786,789891.4414640253,22865.064083200003,228650.8933585344,660.0,564134.0321623677,42830.23918270371,66523.49407572825,120034.39665207412,108209.45342073648,186552.92486682432,17580.809055514914,282857.0595088144,6472.6917034508315,24129.101224727467,553443.8253157337,43056.33738222472,47460.95643242006,278121.33130246424,3984.161296036972,387326.4026423711,124174.15988428994,84840.04603709791,618324.1928119077,5630.93260221687,290.1183280548264,745400.9541569351,4114.317160328222,237325.05119826927,37318.7078833754,67787.87359507503,64322.65337324264,9067.719734198028
5645,Sub-Saharan Africa,,1991,,194263.47668169765,796990.6733955088,22795.797031000002,229630.64375671613,1347.0,576577.9235638729,44213.01500565544,67875.16310612726,121571.42619842249,111300.3051604025,191748.80062025087,17522.79094144387,289445.39600509143,6643.718327861093,24382.25545319001,573513.7555209253,43748.44126954735,50048.89012366165,354706.3969214417,4216.225978717127,395702.6120994765,126645.57596244008,85722.52006860102,628098.3522454121,5856.815630009205,574.2736856126493,763065.1744592654,4256.837539141904,238217.72923383888,38531.71637682998,29642.537655848988,66232.07447676468,9105.417293523396
5646,Sub-Saharan Africa,,1992,,198449.42182547465,807614.5809419566,22752.392223299998,232309.1996493688,2442.0,593018.0800446515,45767.68693840667,69653.86641430117,123742.51824186445,114798.5352230706,197720.45131581448,17611.079030986144,297931.30295308144,6842.650670576873,24779.54458457728,592208.0422319254,44218.218854944054,57030.28521213301,440014.9430374007,4558.053693554904,406547.0016894212,130191.12854032012,87238.85766094322,640277.7408707406,6120.983754655779,9.000000002003784,762717.9810883836,4438.077479055537,240873.0009984029,40142.166792134245,11120.195592877924,68731.53638870356,9314.042850373164
5647,Sub-Saharan Africa,,1993,,200185.7397295413,817220.2622278173,22644.902054599996,234598.77525185762,,606839.7081418844,47242.90849168547,71005.40942884002,125250.34746011195,117519.67339025176,202601.22786482112,17641.700829231868,304841.4021687904,7030.692721303673,24975.27354553207,609328.8797580778,44679.08967880419,57989.631127654095,532621.768041925,4661.236473269244,414137.2377154174,131804.32841389792,88445.3281882636,653893.6158525696,6335.176178342447,78.03265743735697,766791.8679883998,4571.716123076266,243137.9759214135,41070.1841612429,18291.931953431453,70872.48622642714,9449.167751913148
5648,Sub-Saharan Africa,,1994,,199986.93039746946,824531.752244089,22745.810220800002,236188.5582060213,3232.0,623133.1496957993,48890.207571188184,72617.3627733908,127237.47540823695,120608.57139538538,208053.65442641612,17703.25977758762,313417.44767555344,7240.666546281273,25295.76714083501,623397.1837579692,45040.77665974487,55767.129552889695,630211.1996454498,4969.482229426591,423668.9717556543,134840.26027274987,89797.86228762912,660547.4622382243,6600.142279416342,954.4540268029108,777906.2273520394,4744.6286735349795,244699.11624293125,42492.685313541086,530764.2379669971,73717.65256981559,9585.586502184702
5649,Sub-Saharan Africa,,1995,,202011.15892238225,829826.8144950111,22178.3289018,236426.21746125305,1320.0,638366.1704433799,50363.91202525823,74097.18568081922,128881.44249138913,123919.17784763752,213855.8001566212,17821.629333725745,321922.51549690816,7431.613289644467,25454.33197486769,639457.3403137408,45172.90771096356,56475.37238731454,732814.0604873048,5247.631477178343,433703.2206675947,137605.59732133293,91013.03580917008,675105.2127603361,6897.596677839621,344.5334962562928,779317.4571583937,4904.889890377861,244851.260797184,44031.49556661213,25042.90092655813,76460.72193257429,9696.541556366132
5650,Sub-Saharan Africa,,1996,,218185.6168305981,834504.2298575202,21876.6153978,232204.76908885268,2558.0,661659.0915035736,52179.84532232533,75804.80772277899,131765.82810501187,126827.72926941211,219219.94493974152,17753.587189887483,331313.8150583609,7676.883186012166,25667.764800658086,656851.9034359222,45045.11802155458,59288.88342768264,840224.2784812265,5543.131142254012,441391.87799367646,140190.7286433152,91735.65257942073,687037.3898800538,7242.606552396582,292.5382151380142,777682.5495413133,5095.043292145688,240453.2894549252,45496.58044466398,54626.04701471185,80689.67188229793,9792.780803915522
5651,Sub-Saharan Africa,,1997,,206802.35983760425,839279.0472141445,21550.7603229,228525.72631969425,2188.0,681672.6017879901,53774.08013574727,77265.0497050971,133998.6074396607,129363.64858696135,224047.8760152204,17689.480353418327,340733.2547257273,7890.042694177834,25969.473091608063,676106.7179633264,45228.950263380604,60030.948294118876,948944.5243639824,6310.397888651101,447484.82638581994,143091.17306869055,91989.53101655046,701288.91446437,7620.017496873605,3156.8652519253637,773090.6384923535,5232.205343693955,236591.9004606309,47412.11633272321,89954.56525640367,84615.38732086841,10019.754423612863
5652,Sub-Saharan Africa,,1998,,205071.23094519702,841855.8827694448,21222.639891400002,225510.03591339235,1437.0,697140.6531215014,55101.19161369414,78360.92280786956,135311.38828902124,131384.35427681677,228259.26770775684,17635.69498353476,348092.9114733464,8055.710502923621,26248.757852967974,696651.8468232199,45082.616974599616,63676.580333162536,1056481.8387343818,6506.992240816728,457634.4120360644,146366.30472689544,93045.91881227137,709880.0832407976,7862.546887891971,275.1159322914878,772563.5489089809,5383.001293201138,233376.40293735184,49089.29050737635,73414.31784143749,87583.78072514053,10043.817722285272
5653,Sub-Saharan Africa,,1999,,204404.35789417234,839644.777739038,20902.799454199998,222997.0247687709,885.0,707288.4951160833,56272.74802632912,78881.34651801239,135896.8264601875,133438.34129862773,231913.14542212326,17529.725332327784,352956.5024513447,8214.516060895727,26349.997110866312,717986.0857821942,45049.07929587996,67031.73683494634,1161280.865979425,6492.191247705286,467528.4510307143,148176.2496982349,93437.37325750019,718496.1765899764,7899.3806629094115,681.0541644323737,763368.2157342522,5520.247026847622,230508.2299815747,50321.67164841028,111272.31879738472,89754.15505137401,10147.660089978863
5654,Sub-Saharan Africa,,2000,,206079.18314481733,841224.9399793714,20758.867939099997,221553.97265814352,1026.0,722804.8276211867,57728.09229808772,80240.40633910963,138294.63491425008,135927.86284817374,235513.42299973321,17518.96563790162,359756.0556762335,8441.075567809847,26746.89389130883,736238.4229311754,45312.795743455536,71482.83486080344,1269523.6030863905,6745.296791819363,480497.0405541781,151565.13806394854,94704.07498612202,729013.0345720606,7917.334747375293,1383.6683664207903,751955.8361939962,5651.268312442697,228705.3195147507,52219.54485126367,85792.4666985257,92799.20549779684,10309.713229546796
5655,Sub-Saharan Africa,,2001,,205282.40132694735,832209.8801880642,20620.1334755,214587.74155346953,1169.0,723095.6363863305,59118.27187048142,80477.77423589164,138146.81668623124,137651.4469209991,237757.9054440545,17452.01081967972,363313.0359033506,8631.545819072642,26597.43194085523,769393.2063369198,45205.37418547047,69273.20721972147,1355090.9470625743,6549.13644922361,480369.01694957475,151210.6449260249,94541.90207607172,735194.9526758884,7805.806211913933,707.1256035060678,740440.8086520395,5727.822257936956,221252.16876601375,52351.955134299424,28005.435038712796,94097.13066813328,10329.833031053493
5656,Sub-Saharan Africa,,2002,,200406.80984859425,823824.5790236099,20601.9782195,208487.26976587137,1041.0,729162.8199346006,60641.669789780186,81225.11752684963,138948.20453867593,139088.39054931165,239574.5129976424,17429.80428789608,368807.1478076874,8855.073882458815,26446.379973591847,798358.7269191889,44929.882355704256,71965.36940477884,1437041.013654981,6643.324513318229,478785.3636812929,152175.45188018985,95145.86200308453,741153.6294130633,7781.918846707813,652.185988137324,728356.4107635278,5827.227660907753,214777.00573616946,53247.87928724523,32581.950164068603,96174.54982469356,10372.526190559174
5657,Sub-Saharan Africa,,2003,,198673.2488628946,815407.2288743756,20723.2163572,201947.93196261156,555.0,735480.3601170912,62256.409910737406,82259.94424089926,140090.43268359106,140979.4483250072,242138.2115053029,17529.04274640172,375373.20421961055,9084.552333121579,26365.20476722616,823287.2434511661,44932.691869260256,70698.72914362814,1508851.641059203,6666.052040164233,477340.4849415786,153959.49771023198,96169.96985490034,747001.7347056331,7801.244385270314,478.2208423703634,714788.2601705595,5811.6805874884885,207945.52691209232,54218.664202389744,29798.547123512413,98579.91321379873,10417.512297274883
5658,Sub-Saharan Africa,,2004,,193963.09795645718,806184.16638305,20752.338387599997,197065.80674293745,317.0,739544.2208688874,63902.973689995975,82925.64831907327,140633.92943592687,142654.8704747766,244421.7371607669,17622.395027312257,381621.28620519687,9304.723637532656,26352.740728481567,824757.8243618305,44841.08738494766,71941.07405145359,1561578.0408154924,6577.275379525816,471928.24678752007,155108.01626858706,97131.03908165699,750679.8682964245,7805.327393932346,959.5078816207766,707033.4863070169,5839.751590997129,202799.91329099206,54730.254472009314,21547.190523011144,100587.41064156992,10440.872498149663
5659,Sub-Saharan Africa,,2005,,189256.3372266677,795208.7248010625,20967.1335182,192592.91582548807,379.0,742720.0651549952,65575.03882006647,83272.33262689647,140808.80345531786,143999.82638255125,246271.32904563358,17731.953654020348,386612.9071132359,9520.826129208468,26156.313407310117,818808.1097494748,44614.44284652206,68428.8928491796,1590602.8645022598,6404.073237246034,463035.30243980006,155417.14905635902,97032.7521568204,752980.366930928,7806.648103704923,479.2377097560054,701538.4892553856,5846.316448169054,198097.88501519448,54902.71005753399,17229.44083602546,102548.63987290676,10437.449864929618
5660,Sub-Saharan Africa,,2006,,190625.06235808812,794225.9020926657,21322.924660499997,189029.22593565076,972.0,750770.1239429716,67416.932473881,84513.48493993594,142038.606228094,145158.8461343748,249901.41104747503,17671.308423744533,394407.7921006709,9777.240723076287,26335.62002071744,805717.3897310449,45226.616446123466,69037.95106411005,1593710.7973599024,6292.580146079169,459114.4662925624,157493.9944866205,97702.49562801713,755469.4251443758,7870.977376541676,1470.8389397176993,706729.599976316,5953.768538295601,194352.2553043205,55397.50938154828,6128.105386001324,105271.48826619446,10568.2367080711
5661,Sub-Saharan Africa,,2007,,188073.27771519762,786934.2479030971,21662.258963999997,184478.38326812247,1383.0,755955.4972026014,69169.1573986038,85340.6795411426,142454.1486868866,145777.31384508748,252326.42808152887,17518.89004733242,401169.2300737007,10024.38663589125,26355.152534021818,794626.976677775,45111.253775648176,67125.83533507113,1566796.9500848253,6095.210289871057,451869.42481765937,158152.42306835513,98013.42220937448,756647.151406642,7915.820212571741,694.1362030438696,699931.3470609995,5950.1666431249805,189615.09135799264,55549.85796891021,6696.987920492393,107572.91721853318,10614.553722350842
5662,Sub-Saharan Africa,,2008,,181599.31232137763,771793.8090632609,21572.0236561,178865.9269659745,1475.0,762296.616940851,71059.08477143616,86219.2609814734,142974.54037241905,146567.51112652346,254766.37552384703,17363.607805113832,408978.7135260932,10282.397766434537,26096.000476561334,778184.2791991438,44555.10143952298,66911.7873292134,1503121.486123646,5925.275785709516,444560.64740401,157338.23867210766,98072.52441789165,754970.4828068591,7986.059799509038,603.7773716727665,692825.2891574989,5920.085158284294,183833.176905908,55905.48004749653,12033.508477184008,109726.63477049136,10618.39098684655
5663,Sub-Saharan Africa,,2009,,178648.06010721796,762014.849718134,21783.1140418,175523.53627583428,1731.0,770193.9131417527,73080.7080646646,87407.63213550106,143830.3881998836,147874.7640213084,257977.4564861708,17323.420010907692,418372.4187508843,10560.54403384297,25930.05288647733,740475.6187017901,44440.78467790122,67037.14748967854,1431651.3013854472,5917.1180897187105,437556.8367758382,157248.86211185798,98371.51989513454,753299.3176307969,8117.995192583319,607.5927075763814,694495.5294723327,5923.479347748636,180384.20691280905,56225.2700933804,17692.802865629266,112155.44618631508,10675.230952208336
5664,Sub-Saharan Africa,,2010,,174188.17821527075,749840.4662446517,21920.3383143,181387.62760973632,830.0,777465.7070313276,75270.99974469484,88693.08630284504,144607.7633812181,149658.7557117863,261569.6992941511,17297.55133925988,428666.63276407094,10859.833304670205,25784.90718459345,699861.0970380559,43993.62362933455,65569.59984132183,1340524.8289062465,6009.0722130066615,428531.4126595052,156985.62400359794,98112.59346665461,749827.3395350722,8306.973540027953,1082.442435383282,686004.0462880392,5908.888529909975,186131.95289111827,56596.03684221063,8504.692903947844,114665.30921585321,10886.471960881858
5665,Sub-Saharan Africa,,2011,,172149.54786484357,739451.6865433509,22008.031479400004,174935.74998929366,1237.0,786392.4273353476,77632.48474068665,90028.41349182131,145658.47984606386,149096.71378129,265074.64524172136,17177.1591076239,438775.83084939007,11162.5903736892,25696.30562235273,669206.5258030518,43729.8449001001,65766.46356748213,1236741.0812565482,6111.362465899174,420859.82219635264,156602.1659164007,96679.80225858744,745108.392509618,8516.098665396803,776.1342090515183,650842.1761265129,5952.648416983476,179504.14260648246,56715.764812761365,9388.076388313537,116924.53613415449,10730.499494995389
5666,Sub-Saharan Africa,,2012,,169219.49219514136,731403.8972283469,22521.0833273,159321.86769259983,2996.0,798344.8843303269,80192.49927745009,91769.36259569287,147228.26652716225,149118.10786130832,269013.4437047905,17109.488742881014,450693.7035300308,11503.75029211332,25733.044411105326,645134.460205866,43706.545550551076,64476.47643729926,1132663.2683659557,6300.223913620744,415735.1200074861,157189.40585680152,94742.67188226453,740446.4873774893,8770.267072176628,850.1692518485835,621464.4220243506,6007.354732228783,163772.50827077354,57316.987212453474,11679.964626206864,119707.21615382339,10848.264442700107
5667,Sub-Saharan Africa,,2013,,168584.7221291335,720395.19566247,22717.3801524,153398.71271677836,3857.0,809974.9597969499,82845.59646189923,93486.71959376015,148829.28076814883,149350.7457571869,272689.935661755,17012.410361178427,463093.3701102726,11858.173939424221,25727.356153608413,630904.7261596675,43022.728148944436,63938.79719622638,1026798.3521563712,6528.896757273987,411416.0481474645,157144.77689540884,92799.11010897438,733434.3940388658,9042.30621815115,856.4420864260858,595289.5462631312,6068.251536668206,157734.09478166586,57948.180532636856,19883.86691907037,122618.67291820221,10897.604813719636
5668,Sub-Saharan Africa,,2014,,169374.92980151865,714407.2925243104,22803.7512411,148695.87363766212,13351.0,824615.7928579744,85782.91831176176,95561.91287690536,151046.03429362795,150154.97443843356,276966.87750591175,16977.900412671203,477231.97131944523,12244.658381705627,25777.48737824356,616057.1908768979,42898.67186138937,65419.60617365537,934943.5353587064,6836.248411001991,409433.89567795023,157740.63013350582,91464.59922894076,727978.5949300289,9345.814839766948,473.10031698852447,575566.2941142569,6164.353428710278,152945.30313786207,58992.311709643436,28379.956176081763,125722.04418821279,10977.194735345
5669,Sub-Saharan Africa,,2015,,167837.35776601706,708442.4504890441,22875.0470532,144609.72354757786,10763.0,842166.8426040246,88989.59369221797,97994.33954471926,153820.73298175482,151310.28556954055,281646.6307060824,16999.787257056898,492874.4919261435,12651.549469567712,26079.176067417342,582834.2777130271,42738.69900949042,64652.239523248965,859847.880007282,7201.808979124128,407526.6503074455,159035.9797634716,90577.38843872368,719485.0619852827,9674.207548062535,952.9141890633873,558557.0527795781,6264.094322146858,148800.7066894452,60337.43483638487,8597.898209891016,129494.47680936212,11084.876661232971
5670,Sub-Saharan Africa,,2016,,169231.55835606594,705132.4112289796,22715.6697315,140523.8128665756,6652.0,860263.3084519216,92378.16463866658,100535.0066464991,157022.68263748224,153457.59391391007,287673.7663450215,17067.04568571133,509695.1629018279,13079.133126992925,26079.116336286934,547147.6377786894,42613.18862557172,65499.727187651864,786035.9699827083,7622.86116043024,404583.19849864993,160445.91239444748,90069.09666531012,708759.4552704238,10053.756192424173,717.2328174817488,550771.4329198175,6333.837886599982,144671.2969380853,61977.99849063737,14354.8911737134,133187.89141595116,11184.152160247293
5671,Sub-Saharan Africa,,2017,,166060.7944507761,695145.1403138224,,137179.41212690598,6712.0,874112.7686226376,94615.65678948784,101669.98031040699,158914.26002758188,157558.68916522927,293784.413784337,17078.144353701642,521936.4999978608,13398.733256905334,25896.501206174238,543288.740894998,41752.98939163357,64264.5812057325,711943.1181804918,8012.910251514092,401163.71340798686,161647.41156846142,89795.20235208742,697698.12257026,10382.143467491696,1216.1684388714475,552161.5061880386,6340.2087260214075,141264.300682719,63753.68922172005,22846.45262731332,134693.9238043993,11194.22909399193
5756,Switzerland,CHE,1990,,142.87182539488163,2250.487142722219,0.329708511952,51.33671806397404,1.0,26276.12072459313,4283.060641397693,399.6499926626835,2481.6339321904707,805.9460619408462,1732.4808229265452,17.06554587011306,14731.430365413127,533.8301562389588,47.65642205692521,0.0,90.7796321045829,103.80539237792021,176.19042117377927,326.0183352225361,102.49648445793785,1042.1898899645064,5.2438193286780255,222.8951377090643,265.6096290747821,5.000000005475554,74.5153114715232,22.82154839983735,114.00367948790266,1778.1669780858554,0.9999999999120648,1381.3373265374753,16.17856220159083
5757,Switzerland,CHE,1991,,139.82830346242545,2244.116914813133,0.33128585493900004,49.62416676666817,0.0,26278.759340940982,4402.324983380867,413.88059661085487,2525.511759151881,811.4303674753592,1753.457722952689,20.52460439848223,14979.536363583991,539.9799732171192,49.956452235822326,0.0,94.31203192694491,110.13918458700584,200.70252251201083,351.75556471608314,97.2834816489597,1027.215343173,4.934893639546651,217.3287012238563,274.838829661791,0.0,75.02025012209639,23.24201403802964,109.30195205282378,1838.8001259743928,0.0,1409.5313629336526,16.508846866452924
5758,Switzerland,CHE,1992,,131.98876899112196,2233.7919569775304,0.3285595907,46.323322576293144,6.0,25750.63578423853,4507.280530619444,413.8575650580786,2523.5782942530604,810.7667661315373,1774.9414157305948,24.76427355319129,14983.063201706544,539.5106963185801,51.47048661125179,0.0,94.77726180859669,112.35719508600084,230.48534358629558,359.04037483144094,90.44667916234793,963.1218054760104,5.8475121781589445,210.6866480871734,274.58841068154226,0.0,76.11323331680578,22.706250430553016,100.68169946687657,1808.6738984383785,6.000000031987603,1410.1954883637502,16.156134489966107
5759,Switzerland,CHE,1993,,123.7096167300226,2215.9240147283,0.327140004739,42.68986276060014,,25394.500000481545,4654.116665436722,428.57942153432646,2537.49217018904,811.3487154460023,1810.3890378314359,27.26836794046631,15011.468324858102,543.1500954998771,51.29562688546676,0.0,90.28338332189743,113.47233059589823,269.64241799905153,359.03124093542567,82.87126165250602,884.3853213613397,5.976470910245925,194.135366491008,271.8306066176162,1.9999999989833883,71.74880390333162,22.14252626963316,91.79258969075592,1764.2805483638385,0.0,1419.3385141664,15.6094094379785
5760,Switzerland,CHE,1994,,112.13397949318492,2116.6956692253984,0.328617690358,37.699482230443245,,25356.0446994402,4841.281583307508,455.99051111394823,2599.252583350145,830.8901263552167,1882.6787936388125,33.40176329352952,15294.909768812244,554.062533891856,52.39949908910057,0.0,90.87080289896544,110.95111684820887,326.44250404146027,367.6596925414037,79.34651131165249,840.4445219906197,6.418823826238651,184.99857983032157,276.9851132029777,0.0,67.85405458606685,22.027748528190717,81.23443608460708,1766.936664652226,0.0,1447.632780958368,15.54664824996396
5761,Switzerland,CHE,1995,,91.62367298202938,1931.930021433673,0.332620139727,26.25614649237959,1.0,25482.438541166324,5145.039969944478,503.0257494400377,2692.2704074704793,864.4977401688312,2024.958665370045,46.70521672156622,15803.464507324525,574.5818494674443,53.25054021864643,0.0,84.26355511339011,101.1449421247596,621.3862968131293,343.18785613315896,82.25909759504212,768.1452147782791,7.789939271994487,182.93361525950286,282.2013276678709,8.999999471149426,59.13402205728678,21.46083538103655,57.93383647709911,1674.7035261686096,1.0000000005762106,1517.4611559465304,14.9430659772801
5762,Switzerland,CHE,1996,,76.20694440056492,1827.7515914539554,0.331174611514,21.782625679799494,1.0,24629.347654621,5294.595805803499,521.3084693200714,2664.1420972724795,871.6700156404048,2090.971905534624,54.974623137876385,15663.256389494463,576.8868127740021,54.503821567030755,0.0,77.33936639710635,95.33044906379308,454.6180695884214,306.6647090415295,79.3775756591488,685.2985911118401,5.165302999788719,182.87394330247548,263.6026686838665,13.99999954842164,51.509618392717336,20.561053130674587,46.22713123009346,1579.5726116510614,0.9999999999928739,1522.5222337415175,14.003763047057708
5763,Switzerland,CHE,1997,,65.18729006919864,1884.5547688840854,0.336630151154,19.639196269629547,0.0,24730.339191330524,5485.383203175407,558.0195249825309,2734.2813979009743,898.1078658037137,2180.1933574965874,61.91740552983418,16049.944851695189,595.7333589130316,56.972967455092174,0.0,79.34795069777634,97.21875394635305,289.0808863041473,293.72576346683104,77.04943212946355,657.2443120224175,5.146054932665126,182.6377028158276,268.9812053017498,21.99999946183489,49.32543332424107,21.732580780306684,39.86556788542178,1572.6747621963898,0.0,1518.0927242065634,13.892545790980325
5764,Switzerland,CHE,1998,,57.355550904800275,1870.1823512561193,0.339389630277,18.479117024887923,0.0,24310.932398181725,5600.4431816228125,586.4990957970847,2744.999290054529,905.7674671556717,2230.9315199148555,69.29374906933643,16164.509897596465,606.111849651406,56.332377109783145,0.0,78.02375847146061,92.21456945891201,209.0065444386213,282.5904052068273,73.78878381727671,636.4766191519925,5.060737958735687,179.15414699751202,267.70365698408403,4.999999716508518,46.66949248979783,21.845091954847227,35.425854530424736,1559.9956405190014,0.0,1505.441140853975,13.471736201221399
5765,Switzerland,CHE,1999,,54.12041755570982,1839.9016798270318,0.342427889485,18.069917936095038,0.0,23821.790223672924,5699.506007881781,604.1747690959397,2715.069903601232,909.9344749188808,2280.236123295031,72.30415046048066,16064.820707802794,612.2739941383434,54.63200940956748,0.0,75.95322761743175,90.10580476938298,165.91431685327186,264.87573467101157,67.6945502174853,604.7365178318638,7.068855422415429,179.73654356584888,265.7184926366368,27.000000874757013,49.52584077966381,22.807847613054353,34.15289228244696,1510.2109865712482,0.0,1476.0973252214408,12.491118562654352
5766,Switzerland,CHE,2000,,48.789336757357766,1814.720427700547,0.34984583215000004,19.173487825312304,0.0,23869.578296762393,5816.377543317742,654.8132652868338,2713.979970976488,916.2501924055446,2341.535685824851,79.06521814107694,16403.417896594416,631.7657278549003,55.05820659453128,0.0,74.96980140175106,88.97463525801207,151.7999148754446,267.5512361738248,65.06680479295702,606.0373953882546,6.326091981818025,184.2323286683857,276.9717738247839,28.99999910814221,52.79008554571188,22.205537964845075,34.318814725256885,1553.3810578690232,0.0,1478.3191743779425,13.224430226844001
5767,Switzerland,CHE,2001,,41.16288752302148,1677.77893360386,0.348441089092,19.15571334607728,14.0,23196.677053521227,5859.742020954051,677.3938762676722,2624.5549723982995,919.6496374601927,2359.967880201813,81.54159379242638,16285.551456193189,638.8086820046758,53.051226762073576,0.0,74.51377083242919,88.15904717991448,136.68364716778694,259.0929637652926,58.57101540102179,570.4838341412351,3.29820315274851,183.05676417737445,275.43823079725416,19.999999723321192,56.51503934540992,21.042500967805182,32.63014734179369,1528.632019416365,14.000000113844287,1450.9359578799936,13.462109724845195
5768,Switzerland,CHE,2002,,40.93911009403675,1686.2994914266944,0.34830053031499997,20.204015918358774,,23227.476966759066,5980.437386358286,731.6249133056855,2638.1435957833205,928.412734482397,2391.7403654591644,85.95348537904755,16458.805108050547,660.0164322430852,51.59230924021926,0.0,71.00326743225038,85.95076556945288,114.09672931423019,254.7401217923293,54.977270360724475,553.142378496546,4.237809623089111,172.945994084812,274.0279505007468,19.00000020005673,63.16394704497907,20.823982630301145,34.236512246531355,1539.7843867152035,0.0,1467.4336732082181,13.24669340076304
5769,Switzerland,CHE,2003,,36.412175891839155,1659.7609648482166,0.345363089861,20.45802017744301,0.0,23186.775717052675,6073.891730415645,790.6755482319599,2665.498701256144,924.4529993987444,2424.7666073028936,86.34984689873919,16626.922372320783,679.5729090250107,49.782159475325116,0.0,67.53168752637272,81.4801805239668,105.17738349167415,250.57168342351463,50.90046732447578,541.5486969018185,5.646007787594158,166.33712802781804,276.4710950167623,9.000000135702495,73.58802862357177,21.00504400168265,34.479332275796416,1511.1619593071946,0.999999955004278,1480.8797617368023,12.400527060328365
5770,Switzerland,CHE,2004,,34.42867602663643,1584.097248220089,0.339681788286,19.75028211496311,,22243.4505699132,6051.391038411246,826.466294444827,2589.1218714243105,909.634383888816,2399.480465811461,82.32907517080218,16434.923307990517,678.2304376516347,48.81522549968808,0.0,62.820251114739435,79.06865306432779,89.50402313536614,245.61416150615497,46.89975965692929,512.0929021367505,5.651763997250288,171.2322522335429,266.23995811729856,10.00000047527969,77.67066720524737,22.20413859551307,33.59433149374899,1472.442084897512,0.0,1388.0737158665354,12.094355847047105
5771,Switzerland,CHE,2005,,32.121807606880324,1564.2253499244669,0.340323790322,19.84572688891805,,21982.236664075634,6121.3906774058005,889.3658652314563,2594.611472350426,905.8112119556113,2423.1857577300634,79.06016451511492,16476.312288049867,692.5121272624132,47.113139282782214,0.0,58.901421653807525,74.53128481304906,72.25660850894056,245.6863657165373,45.108530943244716,478.89518292384173,5.202828021364646,168.8659221705369,258.9576986993125,25.000000295284465,84.16499244147491,24.968787074714605,32.92555357874555,1447.284691917038,0.0,1331.0530300109313,11.988761520703713
5772,Switzerland,CHE,2006,,30.709147980697413,1513.051695390001,0.33763547178400005,20.85887880657533,,21838.411460641943,6223.733099914359,976.8099189104064,2608.2603689140938,912.1214067644563,2460.6576950107856,77.39974928994582,16717.07326726465,710.5871424853058,45.68442072892531,0.0,58.546104094540226,69.40241229041008,78.46888006031541,238.76028681507302,45.21051995224365,460.0876505517346,6.5498262665115785,171.09959544394997,254.7919050161314,11.999999984049811,96.46054093432663,20.61408535330681,34.60289925171936,1425.7985616928302,0.0,1302.8690296104314,12.147605276215026
5773,Switzerland,CHE,2007,,29.35387778403376,1485.6684256783453,0.338716444881,22.73760274854317,0.0,21616.703724007293,6310.017354464603,1072.7683259590444,2627.645084531693,916.350501149196,2476.546597176773,75.83339732250337,16913.26435745106,725.8285220201652,43.969458448144685,0.0,57.68953714830311,66.3107698304517,64.78710888926061,232.31334102517783,42.73358318175587,441.38657563223535,3.5427496571312536,168.49433630026442,259.05389911132005,8.999999941726433,107.57498122490915,18.752120726436893,37.191864526740616,1397.3501988868109,0.0,1276.535163476588,12.037596525370677
5774,Switzerland,CHE,2008,,28.758763212708324,1450.8231431460165,0.333696996298,23.945958309761227,,21272.11263654257,6390.076829624913,1155.3328823763702,2645.76818365337,912.4700219507993,2478.176753365537,75.80179512890926,16937.732884608817,739.3793975670436,43.759019615969365,0.0,55.54643750057897,63.25186519397575,52.7044737039585,227.6615331757265,41.71149286624432,424.06491407664765,6.335236768703308,170.15303296413558,257.96174906048503,11.000000268428183,125.73410441204857,17.059178591248767,39.039673580537965,1349.5393685540523,0.0,1240.247353595767,12.341184336987784
5775,Switzerland,CHE,2009,,29.08627031169301,1472.826508675471,0.336061522813,27.44204905476883,,21378.50500626513,6543.590788809083,1263.6747176804988,2744.3607446324827,927.19698296125,2517.291313986523,77.50274594302637,17341.121447135094,766.7985024298694,43.784123029705896,0.0,56.2295892728611,63.81840225338615,49.53399936131939,223.87551804832734,40.423114749943316,418.9468787687362,4.800560456739155,179.4067371252024,267.0391169330256,12.00000065344981,143.2090086298681,17.519330587298132,44.34386129712744,1323.6548179149581,0.0,1211.7624046738365,12.038286274192659
5776,Switzerland,CHE,2010,,28.362159853839263,1448.8143128319928,0.336406879731,31.528415770975432,,21151.75549794309,6659.665977703276,1354.567365618405,2770.809012037777,925.3314168172253,2524.3364587215297,79.69721728694907,17499.455767632848,782.1287474711827,43.437501810758846,0.0,55.84209543506609,60.521735756038616,47.90008368145631,208.88691259031688,38.98726877298232,394.5125830794838,4.828124270048157,171.0521829782863,264.7457848749889,16.00000085438374,165.36935075828316,17.053613127494714,49.39803193423748,1267.7778476993128,0.0,1166.2113883348832,11.877274695937581
5777,Switzerland,CHE,2011,,27.484033127758657,1446.9893414557223,0.335504685187,34.01216871672521,0.0,20680.554703153146,6732.009089825182,1410.6127494011782,2746.3361323738563,917.215002016768,2515.8846727600007,79.13130422647787,17430.01583980206,788.6494264787706,43.48278418777275,0.0,54.97566690530879,58.922794035279864,41.72527035918001,200.7936209930421,37.39885093022415,376.88454189435447,4.7775268638943915,167.10778320677383,262.6796107007591,13.000000057064485,183.25058719753224,16.41188276743612,53.461594957630545,1233.2095144752757,0.0,1120.5644285306264,11.558011404990973
5778,Switzerland,CHE,2012,,26.442680376126514,1487.3429612907266,0.34239075744,38.64176291702702,,20893.36154535732,6866.1100825507165,1510.2704241720962,2789.033485250808,928.9218339876016,2536.1381337854045,81.68591019515925,17740.092112749277,809.7689242560249,43.84673027940542,0.0,56.27422126392973,58.515608911753276,49.227434537001955,198.53389876689576,36.18573910474515,370.2289170797072,7.175162850995116,163.98675160688612,263.0758490111129,11.000000260825052,196.32505381224757,19.652304405304104,60.44958209577728,1231.8270604003226,0.0,1113.1789435545606,11.846566168512432
5779,Switzerland,CHE,2013,,25.973599728085876,1520.856473335777,0.342776956651,42.28714461219656,0.0,20938.54067169496,6968.2285832312855,1572.6692168142747,2826.6726918765075,929.4299362940628,2536.271781741327,83.80809484305084,17893.330417203946,825.5261529247081,43.523806011168254,0.0,57.00857312276743,58.30411529926473,37.59796170844997,201.70057173640058,34.48420033545011,365.10072101731794,4.645138438419909,170.12880727221471,267.54321427553083,15.999999659298973,204.64863858299773,16.41702436936108,65.75658155934025,1234.1469338779978,0.0,1105.089049785052,11.494420417448964
5780,Switzerland,CHE,2014,,27.226973778928794,1533.0803884901386,0.34135761616899996,44.34487662410425,,20654.04057000297,7043.458317048009,1596.3739135110445,2799.604364905499,924.1464872663072,2529.5871563692112,80.29770246676821,17831.279710419476,829.4429002551439,41.6557924821434,0.0,55.861359262779686,55.365659875057624,38.91694759539704,199.51650323178677,32.14425659524633,350.11212927047853,6.44948463315303,172.3793542999566,263.1008475466425,13.000000211311088,211.64986484164487,15.968615878008338,68.30001382987001,1198.339261126598,0.0,1078.776366004221,11.411389951723487
5781,Switzerland,CHE,2015,,28.531128954815685,1647.6159761221493,0.345858561003,48.24699969226693,,21046.84316703579,7301.030876798922,1647.493297793795,2856.8986554530684,931.9519190403427,2560.633237832601,77.9130365002863,17981.277525914284,850.023401594402,42.00538881175446,0.0,56.0339620814485,54.95194923067975,31.951278706561986,197.8909812285344,32.20337118804207,345.3351330525372,7.189185834190407,173.9793699824593,260.39329586652445,18.999998932892755,221.3782933574821,17.115985116174656,74.24689371778746,1175.3074526623732,0.0,1099.6724245772302,12.211129760742846
5782,Switzerland,CHE,2016,,28.145243064790048,1674.0511590942015,0.354980369458,46.59369412830842,0.0,21158.911662628096,7486.4965168785375,1592.0519559128954,2814.0157952222007,934.2955586919313,2611.5703239247173,77.21258142519369,17854.922637154687,851.1303183086842,41.268085443184624,0.0,53.055686981092215,52.75459202844506,38.01312515377602,196.81080458951087,32.65700233307825,335.58863031154203,5.459509067990147,160.55409368531681,254.81105333303987,0.0,211.57013446625092,16.215400366399926,71.25484534126555,1134.4163428997306,0.0,1111.8131062905588,11.315198548640616
5783,Switzerland,CHE,2017,,28.258970968511754,1696.5797028024438,,45.840300067427215,,21280.010614778,7596.930064420932,1558.3681054813092,2815.6372241119197,939.8522819991632,2640.8382640200352,77.15240613187699,17882.0882851418,852.4481656934403,41.254254465136924,0.0,52.25031875196557,52.702204405106684,38.339751947802014,201.3189296472019,32.93508680253196,334.4327814940304,5.230805590662829,154.41009524991975,255.21168770701104,0.0,206.0057110875717,16.107670202214784,69.94054066301051,1132.9828600861815,0.0,1123.458483463688,11.165226532837822
6262,United States,USA,2007,42,1538.0273098968626,80095.52780557411,26.826591215300002,3074.4298290176025,0.0,827191.2385397427,197751.36477317518,61820.620358785534,161312.71310017654,48218.320372149494,94288.27436005617,1555.2631267937024,599155.9412636211,23453.854593392763,5434.670366872362,0.0,4192.170352453728,19856.347379970306,12235.070992779878,25703.259425159653,927.4632523532093,47410.11408119583,1141.6253185591233,14722.281753930227,10580.235782795016,332.14504177334067,8367.934578587327,1282.8338392179664,3576.922088542421,40414.26077283016,1020.999999370903,66896.15386685652,1619.1329382735864
6263,United States,USA,2008,37,1519.0317347826278,81095.33782829548,26.2793100596,3185.911180020188,2.0,823970.5545582202,204359.67511883852,64807.71161876626,166006.92543826788,50143.53292533669,96504.88945943024,1323.282433684471,606097.2489555102,24103.03613166269,5262.158217947263,0.0,4165.0257736842295,19359.518952209408,11181.909875500878,27515.008890271383,904.3069416704998,45480.75613533693,1175.9834776467007,14127.69818544636,10878.146168919518,336.35522451342035,8984.170061042374,1277.796051411645,3698.7914704481514,41270.89999801034,472.0000011938941,66564.4248657064,1640.4422183250465
6264,United States,USA,2009,52,1474.1539104116168,81044.57923220049,25.886934818,3252.7424385422546,18.0,814684.505396072,209650.99247509462,67415.90974023542,168057.1367990185,51890.13935298656,98324.47470024061,1181.5168383684272,610980.1379324978,24560.52931391541,5112.241609027853,0.0,4095.2724632438867,18734.0747234654,10333.410212104463,29904.08295391376,875.3282622756523,43484.917549785525,1203.8459740626186,13233.447148786508,11187.69128471408,128.72649691608143,9304.105604152935,1317.7662903719024,3758.443118308711,42089.09572827253,483.9999992366056,65759.60608707657,1646.6064316107095
6265,United States,USA,2010,46,1401.0229092149689,80847.02705682383,25.785241693200003,3349.614901554837,4.0,805696.4341833275,216503.77888090975,70175.0735510483,169342.59646790722,53276.179247819266,99803.79590634158,1072.4601418258264,610608.2139589635,25064.599293961088,5002.8726462090035,0.0,4004.6352685721417,18005.623722821663,9081.645758504903,32475.18886633885,850.7252498441627,41532.65344697267,1084.1904658730252,12432.755130687581,11369.973105784293,204.2300233216801,9482.63653060698,1286.3941981036387,3855.7369322234204,42278.63630357699,563.869185044324,64449.94574349812,1630.9883383297379
6266,United States,USA,2011,43,1390.8526572621286,82789.76206447001,26.045913968,3511.4143710225926,0.0,817311.83101254,224952.99288439352,73837.36407044098,175152.7359311583,55293.87536426127,102332.30609174087,1015.7835730267797,619588.8694327851,25872.264124439516,5019.95533721856,0.0,4012.266428635408,17981.501888831048,8364.589408475498,35924.61708678958,850.6135800973801,41195.01579858889,1151.2806336995081,12296.179878836609,11776.215499836146,960.8803555397012,9798.926963330314,1403.6286658153797,4038.265499643349,43473.57829513869,474.0000002468957,63393.04811109857,1673.3746799612063
6267,United States,USA,2012,43,1360.7287591264696,83685.56010532254,26.6836871487,3635.958774353247,7.0,821110.9861041191,231700.96198319137,76101.48630220586,177968.861077331,56956.89663196506,104330.61593662518,972.9551900559892,625125.2657051174,26435.099524043668,4985.710416781761,0.0,3973.1341570817876,17821.894381895785,7898.088973795274,39394.97648552192,844.165728931265,40764.82805286774,1179.242296352474,12184.504868854368,12077.038431932706,280.42432143744577,9837.110322772134,1367.0314724033196,4178.643021878692,44113.43579968272,324.00000033386345,62480.53243289454,1678.8245495024405
6268,United States,USA,2013,39,1359.17333440381,85776.75310364843,27.161321439,3807.0995439583503,23.0,830227.1402334577,238418.1483665526,78992.84562978723,182150.76066718227,58534.77864033458,106508.14161308514,954.9052560401918,633437.7811814268,27115.742560352403,5083.865677884846,0.0,3948.261779794812,17653.84809996931,7597.176847748574,43817.90911337672,858.1877939284543,40415.90512947609,1253.4842860867266,12171.493374260283,12434.552926257024,233.98403289664364,9832.694216240316,1366.491578407671,4361.409972121221,44737.06970910909,149.9999998826961,61930.603969754826,1689.0738179617215
6269,United States,USA,2014,35,1347.1568510354464,87280.37079465567,27.7788798123,4021.160153689599,26.0,840356.1425618365,244051.17888017613,81192.59524686732,185238.0362601134,60033.8640807186,108663.27628134533,948.2582888882847,643549.410049007,27679.527218271,5091.632485428087,0.0,3967.485909455719,17803.316405836245,7319.890466091412,49328.71945124361,867.0608732419294,40691.65902748627,1260.4428029453138,12072.531621360034,12817.229165500583,266.345756965593,9744.855189372343,1366.2227902461814,4602.409028800814,45680.67751126266,79.00000001284255,62256.6228419378,1727.2423180503995
6270,United States,USA,2015,28,1363.7256354484605,89325.54630531641,28.5056885354,4241.455807893487,54.0,857259.6471311147,249946.16578797263,83242.15534825242,189604.53813427011,61142.05022380867,110578.96202063387,957.4233568795637,656311.6690194719,28359.442344985302,5207.354117038432,0.0,4083.1338003179076,18630.979879614064,7028.629542864769,56156.030979869705,884.9113050028873,41869.84484674389,1268.1761256053367,11980.724672458742,13321.902669452085,279.9221541308053,9722.074442306814,1390.3929469540542,4852.278821789862,47037.701288519034,67.00000005323253,63504.54186045465,1783.199359828731
6271,United States,USA,2016,20,1408.1190510884348,91658.3535330017,29.3277983284,4230.779508774785,68.0,880573.9138929733,254206.58452047518,83665.25308553307,192699.7590366528,61821.393995105085,112511.90039645815,1034.2698749275937,680207.1559443702,28978.344820586237,5395.082236938903,0.0,4201.538675444619,19614.312286047894,7414.202380000128,64619.74920376361,916.5880899331057,43594.070514770974,1199.3029810689713,11804.275318957842,13819.44198666391,240.50000009405312,9561.053078045943,1430.476125972561,4836.8444492116805,48471.33289328526,67.99999951073832,66377.86417562836,1819.2738241969698
6272,United States,USA,1990,,2769.4304240895976,67896.12954577728,30.729206009000002,1534.9937947974902,5.0,875093.6836846565,125258.40000521456,30479.450656177818,98675.41826696756,35809.57435951897,74995.24321879036,1706.1603741357903,522190.5115076038,13261.197704966355,6423.404038028671,0.0,4572.564462152349,25132.12728623913,27519.703628899326,5965.310315570418,2279.6273745461012,48899.36798137834,591.4850080045643,18394.020036309408,6535.898939488813,241.92541226682064,569.6735957172004,1276.5446275292586,1915.7499160237478,34155.1491254543,22.99999983157999,45105.87877445836,1408.9715065866296
6273,United States,USA,1991,,2366.4994842131373,69158.28639713285,30.6211426944,1575.9431895338355,2.0,873846.585081641,129813.73451749115,31213.755739729328,102697.4516839366,35728.61632952424,75326.47904619806,1927.6440117699835,531661.1902704842,13648.305212203642,6239.639736836246,0.0,4458.585130920667,25514.271020680117,32223.562936326674,6417.9533383993785,2193.8807125089747,47979.8678863951,583.8051935638861,17495.442553234545,6669.750497813741,144.20098376463292,616.8183662783404,1205.7665315810293,1967.4852014545236,34409.958664187194,157.9999959344309,47012.51720299867,1362.7705503463562
6274,United States,USA,1992,,2319.131309078518,69914.06595848755,30.4382627177,1626.7212036987612,2.0,868099.2413919389,133985.78022717062,31891.938501315934,105853.14341849026,35548.601591122795,75451.60096491371,2165.345451825688,536578.8792225968,13998.88872513982,6002.255622924527,0.0,4278.985698615606,25100.28139363981,36373.25830669684,6953.672283999254,2071.063854723801,46520.76145964165,566.9211322612373,16513.40803067655,6779.904020424535,147.87957063311902,669.7806356616047,1172.9860462000963,2027.8994274089914,34317.62625007255,14.00000025281003,48600.39438852853,1291.8313147640786
6275,United States,USA,1993,,2381.414073949066,73047.43141618629,30.460615782399998,1750.2247701253011,,892670.2228503993,140831.4717380061,33633.481905640445,112687.70603949054,35941.259170591584,76569.252808717,2523.904857308496,552889.1313950836,14710.412145608365,6221.012652768546,0.0,4323.898372218497,25508.38788183419,40483.733387808206,7862.512710411242,2017.8927294449404,47266.914197818885,574.5521603970947,16054.45770206918,7054.345211766679,352.34673963955186,761.1880188178357,1313.0485498318255,2186.6080268115056,35357.846525435096,60.99999985401799,52041.89081329849,1289.369140589819
6276,United States,USA,1994,,2363.580301307149,74347.88039242249,30.4973820454,1840.62540399118,10.0,895721.3251015308,145635.80611103913,34590.72244600252,116670.91337253488,35961.12344863672,77005.13864629783,2892.295980249997,558768.7034884344,15172.923020715745,6010.653182840892,0.0,4225.483147431818,24818.89570315575,45017.11388563962,8548.716059781584,1906.1575701874647,47257.52891823818,581.807286564164,15446.160722388306,7156.556938694381,304.5904964060767,850.2309693231863,1222.4112491154342,2297.512839845777,35553.13947938235,46.999999442993534,54377.777294366766,1261.8337463333187
6277,United States,USA,1995,,2330.869435231877,76131.74801211298,30.3541190482,1974.155623804912,178.0,906135.0858948041,150778.94158391713,35999.120342687864,121611.1584265919,36123.84806914962,77583.69720710562,3286.3863984671057,567531.9086480686,15787.901903249563,5958.038146902888,0.0,4182.626039355963,23987.483438869967,45400.95251490075,9312.07628827153,1807.5159526524208,47403.563154351315,560.3923827716395,14525.567473562933,7314.426871478802,187.3105662513884,961.6112161428873,1722.6022035957108,2461.0877493750995,35779.44149120312,251.9999947371348,57056.11148118039,1229.1402202997199
6278,United States,USA,1996,,2300.246707817077,77200.76768684936,30.006248921599997,2111.671189083568,2.0,903337.2216384246,153965.04526801774,37262.367752142614,124590.48547687162,36043.9975429709,77804.96298554401,3650.7217061445067,567772.0753632641,16286.285015831367,5959.726939634206,0.0,4078.045592774506,22294.732991254124,33718.01636859592,9957.798148926686,1695.2733203825153,47050.6290580354,565.4045759052386,14039.846272752475,7359.8312274076725,295.5109327596172,1094.7627759909203,1245.2340426501626,2625.0687673780176,35281.83380067299,44.999999268462,59102.715981408925,1206.5889325621808
6279,United States,USA,1997,,2285.0100620884327,78363.41135617792,29.874011378800002,2276.41348139367,2.0,900520.2024037684,156269.78616595964,38760.1207129115,128119.01890688721,36085.93949033147,78334.91770639141,4009.930410867172,567881.0929922053,16820.25054841142,5837.004475450376,0.0,4041.0438631947095,21687.78128952025,19251.610642758,10717.741017774975,1597.8424070261676,47042.97823285122,606.4186618385422,14047.877783972268,7436.7558818857315,299.5191683383738,1306.0509181031882,1215.4300869940207,2817.259272392378,34913.208806149334,17.00000132385073,60920.35818981878,1185.1354696394478
6280,United States,USA,1998,,2157.284200714092,79710.58904033198,29.8076341887,2466.203729601686,4.0,902631.9178567773,159524.74914527097,40651.163391152884,132967.67304786286,36295.103000905074,79111.0763851184,4385.745263009529,570682.122990464,17523.013680104348,5792.088726483744,0.0,4074.967222079179,20096.655400209977,15674.947147631174,11513.993904793271,1519.6132733007391,47136.99858726209,590.0218510526512,14249.08770866483,7619.873560621066,290.7422509225428,1585.2620329745307,1356.4106360290675,3027.8697554490773,34536.077185842594,23.999998712887077,62930.161404421895,1165.7375722589536
6281,United States,USA,1999,,2030.2334669659926,79322.755265108,29.8055044373,2697.4973999856893,20.0,913581.8823117892,164560.31007634872,43457.02439398651,139986.4889855553,36766.64346004687,80436.71999158752,4462.845157391172,578369.9642362478,18480.028869160702,5812.14114058415,0.0,4014.756505273896,19373.805839639448,16818.957598600362,12822.59305475753,1438.5420976231424,47793.97483508443,689.2750878536552,14393.910885578453,8084.693846450586,317.8238643561123,2105.8837371437344,1653.7969938195688,3254.063516644485,34293.60933370914,43.000000074077185,64949.87917125715,1207.4635371334218
6282,United States,USA,2000,,1938.7872969760867,79873.18172317455,29.8694114498,2829.263468807671,0.0,911396.3374590006,168172.18713536765,45703.23267846162,143901.5760215851,37567.072068602414,81859.60714334696,4566.458080506975,582362.8284798047,19297.82118091357,5797.570308372027,0.0,4008.7085946892466,19249.90151449101,15996.504558622722,14134.99134994292,1305.06906847264,48469.27789625956,713.1287757597769,14390.5009579177,8455.538845826717,172.53578285042005,2593.363630956176,1317.5816725612324,3387.367638138653,34717.34045707268,40.000000790039074,66153.99357856324,1250.9545019949835
6283,United States,USA,2001,,1859.2449082404205,80134.19710403039,29.326004427199997,2888.7411181758553,3008.0,907699.0022660823,171695.37754187308,48341.36901690855,147252.18103823598,38515.57613702255,83206.04111867961,4594.779831058387,586932.2890434454,20091.2870008209,5749.018106147895,0.0,4010.318271393644,19479.787095435306,15549.950885264348,15739.0644884741,1235.6621221018665,49274.213772801406,748.8021245044162,14159.121568685234,8912.564847636035,166.93468073987194,3186.1892645511493,1278.459642213557,3440.0685594251313,35697.62664082064,2949.997609635479,67801.3150400836,1311.5046216736
6284,United States,USA,2002,,1795.4434069039057,81069.24893475909,28.866734617,2947.367897186386,4.0,901781.91214746,175506.4850778544,50861.03787056877,150333.16282159716,39761.86485421835,84761.61280837604,4472.9035318946835,592109.1283429477,20899.27286227941,5697.830479997921,0.0,4086.3679026507702,19753.07208224216,15321.810724209432,17669.4253072647,1171.5703317649154,50049.87714869289,748.3143928125926,14445.940440134103,9373.57260523273,238.31450726623711,3970.096948178972,1282.8755564606565,3490.00648908223,36824.16681393376,54.00000003856977,68963.47639754292,1385.518028478323
6285,United States,USA,2003,,1747.9525642933245,81164.42546844519,28.3288748109,2947.022254557825,0.0,889338.9537273814,179186.47294077414,53207.54238979192,152955.2829328474,41083.658794996896,86304.43398429881,4095.416783517542,594654.9094970657,21530.740568198464,5898.34665136417,0.0,4089.5397841146887,19843.44754468127,14891.533719056464,19322.628041490672,1103.270018046506,50125.38654628914,900.9622302186698,14598.887567808457,9721.198548578775,221.91804064399886,4827.244548319569,1246.1076464977107,3477.105355443668,37497.129901096734,534.0000010577606,69493.9173705574,1437.755721529047
6286,United States,USA,2004,,1633.9309588640433,79576.69099942548,27.7179077826,2900.7189355295673,0.0,858515.4544268849,181802.8208538532,54489.71873109847,152656.86539644212,42122.54020354232,87191.02423640635,3435.77011318551,589377.1578051249,21809.130624685866,5488.011625347712,0.0,4054.9188139510466,19552.71575876467,14201.223984664606,20521.19213386286,1029.4718969976007,49143.42295612992,1013.9865040647875,14384.995543136438,9864.206915355433,204.7565416214261,5731.566024158569,1232.6912500525355,3401.2848911888814,37557.83608428334,901.0000003954705,68317.96994133077,1451.0842306733277
6287,United States,USA,2005,,1592.9286461991778,80755.38292682599,27.447354900300002,2987.8831293646413,0.0,857472.2198281948,188029.12289402945,57689.29567254353,157807.44157834313,44477.44325203287,90026.74554629382,2619.1745916165187,596760.9890521871,22600.0088944146,5526.623049942196,0.0,4183.9348710628265,20070.11497153296,13628.639081813113,22577.093584640454,1002.0340000056058,49578.15774404513,1098.5060758903348,14686.732630092207,10250.23680631792,2818.03954593476,6787.284526488315,1340.7928686587359,3493.762532587069,38876.995646999334,944.9999999327986,69159.8043804232,1535.5129235341954
6288,United States,USA,2006,,1571.66386356334,80466.13447998524,26.9681522862,3009.707836617928,1.0,842430.7689618404,192875.71807625238,59824.13300788753,159243.61740423128,46437.92647786866,92368.87987065573,1931.0746114461765,597918.4503053045,23032.35366512954,5511.8155861626865,0.0,4214.770735629104,20665.835542303208,13063.710253476247,24320.12136866173,969.2382538738041,49018.2063821477,1126.4933053816346,14744.321919866006,10444.756165409177,188.65840964938812,7690.922819240653,1484.8973672314405,3513.904318329941,39777.3392804532,921.9999986634,68152.28532701296,1589.6778639863096
6289,United States,USA,2017,,1425.542289532359,93791.66067274293,,4292.025352803084,95.0,902270.4676993736,258586.58329749192,84944.29641512579,196983.0060791899,62493.460925831874,114419.12723411695,1080.6012100290145,699393.9643003949,29576.516825470688,5505.2307701937825,0.0,4218.396498975516,19880.003782635547,7342.7080237088,67629.28532822135,939.1084308167984,44213.78454589271,1171.3195186338949,11437.054943437108,13968.925677440215,103.0000000366502,9505.704737729686,1454.881230104516,4904.562987210375,48799.64641620542,8.850360520141443,68558.41702507914,1823.25772300738
